-- phpMyAdmin SQL Dump
-- version 4.9.2
-- https://www.phpmyadmin.net/
--
-- Máy chủ: 127.0.0.1
-- Thời gian đã tạo: Th1 11, 2020 lúc 03:30 AM
-- Phiên bản máy phục vụ: 10.4.10-MariaDB
-- Phiên bản PHP: 7.3.12

SET SQL_MODE = "NO_AUTO_VALUE_ON_ZERO";
SET AUTOCOMMIT = 0;
START TRANSACTION;
SET time_zone = "+00:00";


/*!40101 SET @OLD_CHARACTER_SET_CLIENT=@@CHARACTER_SET_CLIENT */;
/*!40101 SET @OLD_CHARACTER_SET_RESULTS=@@CHARACTER_SET_RESULTS */;
/*!40101 SET @OLD_COLLATION_CONNECTION=@@COLLATION_CONNECTION */;
/*!40101 SET NAMES utf8mb4 */;

--
-- Cơ sở dữ liệu: `vinid_project`
--

-- --------------------------------------------------------

--
-- Cấu trúc bảng cho bảng `ice_cream_item`
--

CREATE TABLE `ice_cream_item` (
  `id` int(11) NOT NULL,
  `name` varchar(255) NOT NULL,
  `type` varchar(255) NOT NULL,
  `price` int(11) NOT NULL,
  `created_at` timestamp NULL DEFAULT current_timestamp()
) ENGINE=InnoDB DEFAULT CHARSET=utf8mb4;

--
-- Đang đổ dữ liệu cho bảng `ice_cream_item`
--

INSERT INTO `ice_cream_item` (`id`, `name`, `type`, `price`, `created_at`) VALUES
(1, 'Kem ốc quế cao cấp Celano', 'Kem ốc quế', 10, '2019-12-26 09:05:44'),
(2, 'Kem ốc quế dâu nam việt quất Delight', 'Kem ốc quế', 12, '2019-12-26 11:02:38'),
(3, 'Kem ốc quế - McDonald\'s™ Vietnam', 'Kem ốc quế', 15, '2019-12-27 14:45:19'),
(4, 'Kem ốc quế Dâu – Kem Mingo Thái Lan', 'Kem ốc quế', 15, '2019-12-27 14:46:50'),
(5, 'Kem ốc quế celano socola extra 130g - Sun Wall', 'Kem ốc quế', 12, '2019-12-27 14:47:27'),
(6, 'Kem ốc quế Merino', 'Kem ốc quế', 10, '2019-12-27 14:48:46'),
(7, 'Kem ốc quế Celano hạt dẻ 125ml/16', 'Kem ốc quế', 15, '2019-12-27 14:49:31'),
(8, 'KEM ỐC QUẾ CRUNDY – COCOGO - 10 CHÈ', 'Kem ốc quế', 8, '2019-12-27 14:50:03'),
(9, 'Kem ốc quế KitKat trà xanh ', 'Kem ốc quế', 8, '2019-12-27 14:50:35'),
(10, 'Kem Ốc Quế Zòn Hùng Linh Vị Khoai Môn', 'Kem ốc quế', 8, '2019-12-27 14:51:20'),
(11, 'Kem que Merino X - KIDO', 'Kem que', 10, '2019-12-27 14:51:58'),
(12, 'Kem Que Cà Phê – Phủ Chocolate – Kem Mingo Thái Lan', 'Kem que', 8, '2019-12-27 14:52:39'),
(13, 'Kem que Helio vị dâu', 'Kem que', 8, '2019-12-27 14:53:29'),
(14, 'Kem que cao cấp Celano Passion - KIDO', 'Kem que', 12, '2019-12-27 14:54:03'),
(15, 'Kem Que Hương Vanilla Tự Nhiên', 'Kem que', 12, '2019-12-27 14:54:35'),
(16, 'Kem que Đậu xanh Sữa dừa', 'Kem que', 7, '2019-12-27 14:56:02'),
(17, 'Kem Que Yeah Cacao Socola', 'Kem que', 8, '2019-12-27 14:56:31'),
(18, 'Kem Que Cốm', 'Kem que', 15, '2019-12-27 14:57:05'),
(19, 'Kem que sữa – sầu riêng – Kem Mingo Thái Lan', 'Kem que', 12, '2019-12-27 14:57:59'),
(20, 'Kem que trái cây Zòn vị Chanh leo', 'Kem que', 8, '2019-12-27 14:58:36'),
(21, 'Kem Hộp Vinamilk Vani - Hộp 450ml', 'Kem hộp', 40, '2019-12-27 14:59:20'),
(22, 'Kem Hộp Vinamilk Sôcôla - Hộp 450ml', 'Kem hộp', 40, '2019-12-27 15:00:22'),
(23, 'Kem hộp Celano Socola 800ml', 'Kem hộp', 40, '2019-12-27 15:00:55'),
(24, 'Kem Häagen-Dazs vị bánh quy kem hộp nhỏ 100ml', 'Kem hộp', 15, '2019-12-27 15:01:44'),
(25, 'Kem Häagen-Dazs vị Việt quất & Kem tươi hộp vừa 473ml', 'Kem hộp', 45, '2019-12-27 15:02:16'),
(26, 'Kem hộp cao cấp Celano - KIDO', 'Kem hộp', 40, '2019-12-27 15:02:46'),
(27, 'Kem Thiên Lý - Hộp 500ml Hoặc 5 Hộp Loại 100ml', 'Kem hộp', 40, '2019-12-27 15:03:31'),
(28, 'Kem sô cô la Vinamilk hộp 55g/100ml', 'Kem hộp', 45, '2019-12-27 15:04:09'),
(29, 'Kem hộp 1000ml/ 450g vị vani dâu', 'Kem hộp', 45, '2019-12-27 15:04:32'),
(30, 'Kem hộp Quiches cao cấp 900ml', 'Kem hộp', 70, '2019-12-27 15:05:30');

-- --------------------------------------------------------

--
-- Cấu trúc bảng cho bảng `item_image`
--

CREATE TABLE `item_image` (
  `id` int(11) NOT NULL,
  `ice_cream_item_id` int(11) NOT NULL,
  `image_path` varchar(100) NOT NULL
) ENGINE=InnoDB DEFAULT CHARSET=utf8mb4;

--
-- Đang đổ dữ liệu cho bảng `item_image`
--

INSERT INTO `item_image` (`id`, `ice_cream_item_id`, `image_path`) VALUES
(5, 2, 'http://35.198.221.214:8080/resources/item_images/2.png'),
(6, 2, 'http://35.198.221.214:8080/resources/item_images/2_1.png'),
(7, 2, 'http://35.198.221.214:8080/resources/item_images/2_2.png'),
(8, 2, 'http://35.198.221.214:8080/resources/item_images/2_3.png'),
(9, 3, 'http://35.198.221.214:8080/resources/item_images/3.png'),
(10, 3, 'http://35.198.221.214:8080/resources/item_images/3_1.png'),
(11, 3, 'http://35.198.221.214:8080/resources/item_images/3_2.png'),
(12, 4, 'http://35.198.221.214:8080/resources/item_images/4.png'),
(13, 4, 'http://35.198.221.214:8080/resources/item_images/4_1.png'),
(14, 5, 'http://35.198.221.214:8080/resources/item_images/5.png'),
(15, 5, 'http://35.198.221.214:8080/resources/item_images/5_1.png'),
(16, 5, 'http://35.198.221.214:8080/resources/item_images/5_2.png'),
(17, 6, 'http://35.198.221.214:8080/resources/item_images/6.png'),
(18, 6, 'http://35.198.221.214:8080/resources/item_images/6_1.png'),
(19, 7, 'http://35.198.221.214:8080/resources/item_images/7.png'),
(20, 7, 'http://35.198.221.214:8080/resources/item_images/7_1.png'),
(21, 7, 'http://35.198.221.214:8080/resources/item_images/7_2.png'),
(22, 8, 'http://35.198.221.214:8080/resources/item_images/8.png'),
(23, 8, 'http://35.198.221.214:8080/resources/item_images/8_1.png'),
(24, 8, 'http://35.198.221.214:8080/resources/item_images/8_2.png'),
(25, 8, 'http://35.198.221.214:8080/resources/item_images/8_2.png'),
(26, 9, 'http://35.198.221.214:8080/resources/item_images/9.png'),
(27, 9, 'http://35.198.221.214:8080/resources/item_images/9_1.png'),
(28, 9, 'http://35.198.221.214:8080/resources/item_images/9_2.png'),
(29, 10, 'http://35.198.221.214:8080/resources/item_images/10.png'),
(30, 10, 'http://35.198.221.214:8080/resources/item_images/10_1.png'),
(31, 11, 'http://35.198.221.214:8080/resources/item_images/11.png'),
(32, 11, 'http://35.198.221.214:8080/resources/item_images/11_1.png'),
(33, 11, 'http://35.198.221.214:8080/resources/item_images/11_2.png'),
(34, 11, 'http://35.198.221.214:8080/resources/item_images/11_3.png'),
(35, 12, 'http://35.198.221.214:8080/resources/item_images/12.png'),
(36, 12, 'http://35.198.221.214:8080/resources/item_images/12_1.png'),
(37, 12, 'http://35.198.221.214:8080/resources/item_images/12_2.png'),
(38, 13, 'http://35.198.221.214:8080/resources/item_images/13.png'),
(39, 13, 'http://35.198.221.214:8080/resources/item_images/13_1.png'),
(40, 13, 'http://35.198.221.214:8080/resources/item_images/13_2.png'),
(41, 14, 'http://35.198.221.214:8080/resources/item_images/14.png'),
(42, 14, 'http://35.198.221.214:8080/resources/item_images/14_1.png'),
(43, 14, 'http://35.198.221.214:8080/resources/item_images/14_2.png'),
(44, 15, 'http://35.198.221.214:8080/resources/item_images/15.png'),
(45, 15, 'http://35.198.221.214:8080/resources/item_images/15_1.png'),
(46, 15, 'http://35.198.221.214:8080/resources/item_images/15_2.png'),
(47, 16, 'http://35.198.221.214:8080/resources/item_images/16.png'),
(48, 16, 'http://35.198.221.214:8080/resources/item_images/16_1.png'),
(49, 16, 'http://35.198.221.214:8080/resources/item_images/16_2.png'),
(50, 16, 'http://35.198.221.214:8080/resources/item_images/16_3.png'),
(51, 17, 'http://35.198.221.214:8080/resources/item_images/17.png'),
(52, 17, 'http://35.198.221.214:8080/resources/item_images/17_1.png'),
(53, 17, 'http://35.198.221.214:8080/resources/item_images/17_2.png'),
(54, 17, 'http://35.198.221.214:8080/resources/item_images/17_3.png'),
(55, 18, 'http://35.198.221.214:8080/resources/item_images/18.png'),
(56, 18, 'http://35.198.221.214:8080/resources/item_images/18_1.png'),
(57, 18, 'http://35.198.221.214:8080/resources/item_images/18_2.png'),
(58, 19, 'http://35.198.221.214:8080/resources/item_images/19.png'),
(59, 19, 'http://35.198.221.214:8080/resources/item_images/19_1.png'),
(60, 20, 'http://35.198.221.214:8080/resources/item_images/20.png'),
(61, 20, 'http://35.198.221.214:8080/resources/item_images/20_1.png'),
(62, 20, 'http://35.198.221.214:8080/resources/item_images/20_2.png'),
(63, 21, 'http://35.198.221.214:8080/resources/item_images/21.png'),
(64, 21, 'http://35.198.221.214:8080/resources/item_images/21_1.png'),
(65, 21, 'http://35.198.221.214:8080/resources/item_images/21_2.png'),
(66, 22, 'http://35.198.221.214:8080/resources/item_images/22.png'),
(67, 22, 'http://35.198.221.214:8080/resources/item_images/22_1.png'),
(68, 22, 'http://35.198.221.214:8080/resources/item_images/22_2.png'),
(69, 23, 'http://35.198.221.214:8080/resources/item_images/23.png'),
(70, 23, 'http://35.198.221.214:8080/resources/item_images/23_1.png'),
(71, 23, 'http://35.198.221.214:8080/resources/item_images/23_2.png'),
(72, 24, 'http://35.198.221.214:8080/resources/item_images/24.png'),
(73, 24, 'http://35.198.221.214:8080/resources/item_images/24_1.png'),
(74, 24, 'http://35.198.221.214:8080/resources/item_images/24_2.png'),
(75, 25, 'http://35.198.221.214:8080/resources/item_images/25.png'),
(76, 25, 'http://35.198.221.214:8080/resources/item_images/25_1.png'),
(77, 25, 'http://35.198.221.214:8080/resources/item_images/25_2.png'),
(78, 25, 'http://35.198.221.214:8080/resources/item_images/25_3.png'),
(79, 26, 'http://35.198.221.214:8080/resources/item_images/26.png'),
(80, 26, 'http://35.198.221.214:8080/resources/item_images/26_1.png'),
(81, 26, 'http://35.198.221.214:8080/resources/item_images/26_2.png'),
(82, 27, 'http://35.198.221.214:8080/resources/item_images/27.png'),
(83, 27, 'http://35.198.221.214:8080/resources/item_images/27_1.png'),
(84, 27, 'http://35.198.221.214:8080/resources/item_images/27_2.png'),
(85, 28, 'http://35.198.221.214:8080/resources/item_images/28.png'),
(86, 28, 'http://35.198.221.214:8080/resources/item_images/28_1.png'),
(87, 28, 'http://35.198.221.214:8080/resources/item_images/28_2.png'),
(88, 29, 'http://35.198.221.214:8080/resources/item_images/29.png'),
(89, 29, 'http://35.198.221.214:8080/resources/item_images/29_1.png'),
(90, 29, 'http://35.198.221.214:8080/resources/item_images/29_2.png'),
(91, 30, 'http://35.198.221.214:8080/resources/item_images/30.png'),
(92, 30, 'http://35.198.221.214:8080/resources/item_images/30_1.png'),
(93, 1, 'http://35.198.221.214:8080/resources/item_images/1.png'),
(94, 1, 'http://35.198.221.214:8080/resources/item_images/1_1.png'),
(95, 1, 'http://35.198.221.214:8080/resources/item_images/1_2.png'),
(96, 1, 'http://35.198.221.214:8080/resources/item_images/1_3.png');

-- --------------------------------------------------------

--
-- Cấu trúc bảng cho bảng `item_store`
--

CREATE TABLE `item_store` (
  `id` int(11) NOT NULL,
  `ice_cream_item_id` int(11) NOT NULL,
  `store_id` int(11) NOT NULL,
  `status` int(11) NOT NULL
) ENGINE=InnoDB DEFAULT CHARSET=utf8mb4;

--
-- Đang đổ dữ liệu cho bảng `item_store`
--

INSERT INTO `item_store` (`id`, `ice_cream_item_id`, `store_id`, `status`) VALUES
(1, 1, 1, 1),
(2, 2, 1, 1),
(3, 3, 1, 1),
(4, 4, 1, 1),
(5, 5, 1, 1),
(6, 6, 1, 1),
(7, 7, 1, 1),
(8, 8, 1, 1),
(9, 9, 1, 1),
(10, 10, 1, 1),
(11, 11, 1, 1),
(12, 12, 1, 1),
(13, 13, 1, 1),
(14, 14, 1, 1),
(15, 15, 1, 1),
(16, 16, 1, 1),
(17, 17, 1, 1),
(18, 18, 1, 1),
(19, 19, 1, 1),
(20, 20, 1, 1),
(21, 21, 1, 1),
(22, 22, 1, 1),
(23, 23, 1, 1),
(24, 24, 1, 1),
(25, 25, 1, 1),
(26, 26, 1, 1),
(27, 27, 1, 1),
(28, 28, 1, 1),
(29, 29, 1, 1),
(30, 30, 1, 1),
(31, 1, 2, 1),
(32, 2, 2, 1),
(33, 3, 2, 1),
(34, 4, 2, 1),
(35, 5, 2, 1),
(36, 6, 2, 1),
(37, 7, 2, 1),
(38, 8, 2, 1),
(39, 9, 2, 1),
(40, 10, 2, 1),
(41, 11, 2, 1),
(42, 12, 2, 1),
(43, 13, 2, 1),
(44, 14, 2, 1),
(45, 15, 2, 1),
(46, 16, 2, 1),
(47, 17, 2, 1),
(48, 18, 2, 1),
(49, 19, 2, 1),
(50, 20, 2, 1),
(51, 21, 2, 1),
(52, 22, 2, 1),
(53, 23, 2, 1),
(54, 24, 2, 1),
(55, 25, 2, 1),
(56, 26, 2, 1),
(57, 27, 2, 1),
(58, 28, 2, 1),
(59, 29, 2, 1),
(60, 30, 2, 1),
(61, 1, 3, 1),
(62, 2, 3, 1),
(63, 3, 3, 1),
(64, 4, 3, 1),
(65, 5, 3, 1),
(66, 6, 3, 1),
(67, 7, 3, 1),
(68, 8, 3, 1),
(69, 9, 3, 1),
(70, 10, 3, 1),
(71, 11, 3, 1),
(72, 12, 3, 1),
(73, 13, 3, 1),
(74, 14, 3, 1),
(75, 15, 3, 1),
(76, 16, 3, 1),
(77, 17, 3, 1),
(78, 18, 3, 1),
(79, 19, 3, 1),
(80, 20, 3, 1),
(81, 21, 3, 1),
(82, 22, 3, 1),
(83, 23, 3, 1),
(84, 24, 3, 1),
(85, 25, 3, 1),
(86, 26, 3, 1),
(87, 27, 3, 1),
(88, 28, 3, 1),
(89, 29, 3, 1),
(90, 30, 3, 1),
(91, 1, 4, 1),
(92, 2, 4, 1),
(93, 3, 4, 1),
(94, 4, 4, 1),
(95, 5, 4, 1),
(96, 6, 4, 1),
(97, 7, 4, 1),
(98, 8, 4, 1),
(99, 9, 4, 1),
(100, 10, 4, 1),
(101, 11, 4, 1),
(102, 12, 4, 1),
(103, 13, 4, 1),
(104, 14, 4, 1),
(105, 15, 4, 1),
(106, 16, 4, 1),
(107, 17, 4, 1),
(108, 18, 4, 1),
(109, 19, 4, 1),
(110, 20, 4, 1),
(111, 21, 4, 1),
(112, 22, 4, 1),
(113, 23, 4, 1),
(114, 24, 4, 1),
(115, 25, 4, 1),
(116, 26, 4, 1),
(117, 27, 4, 1),
(118, 28, 4, 1),
(119, 29, 4, 1),
(120, 30, 4, 1),
(121, 1, 5, 1),
(122, 2, 5, 1),
(123, 3, 5, 1),
(124, 4, 5, 1),
(125, 5, 5, 1),
(126, 6, 5, 1),
(127, 7, 5, 1),
(128, 8, 5, 1),
(129, 9, 5, 1),
(130, 10, 5, 1),
(131, 11, 5, 1),
(132, 12, 5, 1),
(133, 13, 5, 1),
(134, 14, 5, 1),
(135, 15, 5, 1),
(136, 16, 5, 1),
(137, 17, 5, 1),
(138, 18, 5, 1),
(139, 19, 5, 1),
(140, 20, 5, 1),
(141, 21, 5, 1),
(142, 22, 5, 1),
(143, 23, 5, 1),
(144, 24, 5, 1),
(145, 25, 5, 1),
(146, 26, 5, 1),
(147, 27, 5, 1),
(148, 28, 5, 1),
(149, 29, 5, 1),
(150, 30, 5, 1),
(151, 1, 6, 1),
(152, 2, 6, 1),
(153, 3, 6, 1),
(154, 4, 6, 1),
(155, 5, 6, 1),
(156, 6, 6, 1),
(157, 7, 6, 1),
(158, 8, 6, 1),
(159, 9, 6, 1),
(160, 10, 6, 1),
(161, 11, 6, 1),
(162, 12, 6, 1),
(163, 13, 6, 1),
(164, 14, 6, 1),
(165, 15, 6, 1),
(166, 16, 6, 1),
(167, 17, 6, 1),
(168, 18, 6, 1),
(169, 19, 6, 1),
(170, 20, 6, 1),
(171, 21, 6, 1),
(172, 22, 6, 1),
(173, 23, 6, 1),
(174, 24, 6, 1),
(175, 25, 6, 1),
(176, 26, 6, 1),
(177, 27, 6, 1),
(178, 28, 6, 1),
(179, 29, 6, 1),
(180, 30, 6, 1),
(181, 1, 7, 1),
(182, 2, 7, 1),
(183, 3, 7, 1),
(184, 4, 7, 1),
(185, 5, 7, 1),
(186, 6, 7, 1),
(187, 7, 7, 1),
(188, 8, 7, 1),
(189, 9, 7, 1),
(190, 10, 7, 1),
(191, 11, 7, 1),
(192, 12, 7, 1),
(193, 13, 7, 1),
(194, 14, 7, 1),
(195, 15, 7, 1),
(196, 16, 7, 1),
(197, 17, 7, 1),
(198, 18, 7, 1),
(199, 19, 7, 1),
(200, 20, 7, 1),
(201, 21, 7, 1),
(202, 22, 7, 1),
(203, 23, 7, 1),
(204, 24, 7, 1),
(205, 25, 7, 1),
(206, 26, 7, 1),
(207, 27, 7, 1),
(208, 28, 7, 1),
(209, 29, 7, 1),
(210, 30, 7, 1),
(211, 1, 8, 1),
(212, 2, 8, 1),
(213, 3, 8, 1),
(214, 4, 8, 1),
(215, 5, 8, 1),
(216, 6, 8, 1),
(217, 7, 8, 1),
(218, 8, 8, 1),
(219, 9, 8, 1),
(220, 10, 8, 1),
(221, 11, 8, 1),
(222, 12, 8, 1),
(223, 13, 8, 1),
(224, 14, 8, 1),
(225, 15, 8, 1),
(226, 16, 8, 1),
(227, 17, 8, 1),
(228, 18, 8, 1),
(229, 19, 8, 1),
(230, 20, 8, 1),
(231, 21, 8, 1),
(232, 22, 8, 1),
(233, 23, 8, 1),
(234, 24, 8, 1),
(235, 25, 8, 1),
(236, 26, 8, 1),
(237, 27, 8, 1),
(238, 28, 8, 1),
(239, 29, 8, 1),
(240, 30, 8, 1),
(241, 1, 9, 1),
(242, 2, 9, 1),
(243, 3, 9, 1),
(244, 4, 9, 1),
(245, 5, 9, 1),
(246, 6, 9, 1),
(247, 7, 9, 1),
(248, 8, 9, 1),
(249, 9, 9, 1),
(250, 10, 9, 1),
(251, 11, 9, 1),
(252, 12, 9, 1),
(253, 13, 9, 1),
(254, 14, 9, 1),
(255, 15, 9, 1),
(256, 16, 9, 1),
(257, 17, 9, 1),
(258, 18, 9, 1),
(259, 19, 9, 1),
(260, 20, 9, 1),
(261, 21, 9, 1),
(262, 22, 9, 1),
(263, 23, 9, 1),
(264, 24, 9, 1),
(265, 25, 9, 1),
(266, 26, 9, 1),
(267, 27, 9, 1),
(268, 28, 9, 1),
(269, 29, 9, 1),
(270, 30, 9, 1),
(271, 1, 10, 1),
(272, 2, 10, 1),
(273, 3, 10, 1),
(274, 4, 10, 1),
(275, 5, 10, 1),
(276, 6, 10, 1),
(277, 7, 10, 1),
(278, 8, 10, 1),
(279, 9, 10, 1),
(280, 10, 10, 1),
(281, 11, 10, 1),
(282, 12, 10, 1),
(283, 13, 10, 1),
(284, 14, 10, 1),
(285, 15, 10, 1),
(286, 16, 10, 1),
(287, 17, 10, 1),
(288, 18, 10, 1),
(289, 19, 10, 1),
(290, 20, 10, 1),
(291, 21, 10, 1),
(292, 22, 10, 1),
(293, 23, 10, 1),
(294, 24, 10, 1),
(295, 25, 10, 1),
(296, 26, 10, 1),
(297, 27, 10, 1),
(298, 28, 10, 1),
(299, 29, 10, 1),
(300, 30, 10, 1),
(301, 1, 11, 1),
(302, 2, 11, 1),
(303, 3, 11, 1),
(304, 4, 11, 1),
(305, 5, 11, 1),
(306, 6, 11, 1),
(307, 7, 11, 1),
(308, 8, 11, 1),
(309, 9, 11, 1),
(310, 10, 11, 1),
(311, 11, 11, 1),
(312, 12, 11, 1),
(313, 13, 11, 1),
(314, 14, 11, 1),
(315, 15, 11, 1),
(316, 16, 11, 1),
(317, 17, 11, 1),
(318, 18, 11, 1),
(319, 19, 11, 1),
(320, 20, 11, 1),
(321, 21, 11, 1),
(322, 22, 11, 1),
(323, 23, 11, 1),
(324, 24, 11, 1),
(325, 25, 11, 1),
(326, 26, 11, 1),
(327, 27, 11, 1),
(328, 28, 11, 1),
(329, 29, 11, 1),
(330, 30, 11, 1),
(331, 1, 12, 1),
(332, 2, 12, 1),
(333, 3, 12, 1),
(334, 4, 12, 1),
(335, 5, 12, 1),
(336, 6, 12, 1),
(337, 7, 12, 1),
(338, 8, 12, 1),
(339, 9, 12, 1),
(340, 10, 12, 1),
(341, 11, 12, 1),
(342, 12, 12, 1),
(343, 13, 12, 1),
(344, 14, 12, 1),
(345, 15, 12, 1),
(346, 16, 12, 1),
(347, 17, 12, 1),
(348, 18, 12, 1),
(349, 19, 12, 1),
(350, 20, 12, 1),
(351, 21, 12, 1),
(352, 22, 12, 1),
(353, 23, 12, 1),
(354, 24, 12, 1),
(355, 25, 12, 1),
(356, 26, 12, 1),
(357, 27, 12, 1),
(358, 28, 12, 1),
(359, 29, 12, 1),
(360, 30, 12, 1),
(361, 1, 13, 1),
(362, 2, 13, 1),
(363, 3, 13, 1),
(364, 4, 13, 1),
(365, 5, 13, 1),
(366, 6, 13, 1),
(367, 7, 13, 1),
(368, 8, 13, 1),
(369, 9, 13, 1),
(370, 10, 13, 1),
(371, 11, 13, 1),
(372, 12, 13, 1),
(373, 13, 13, 1),
(374, 14, 13, 1),
(375, 15, 13, 1),
(376, 16, 13, 1),
(377, 17, 13, 1),
(378, 18, 13, 1),
(379, 19, 13, 1),
(380, 20, 13, 1),
(381, 21, 13, 1),
(382, 22, 13, 1),
(383, 23, 13, 1),
(384, 24, 13, 1),
(385, 25, 13, 1),
(386, 26, 13, 1),
(387, 27, 13, 1),
(388, 28, 13, 1),
(389, 29, 13, 1),
(390, 30, 13, 1),
(391, 1, 14, 1),
(392, 2, 14, 1),
(393, 3, 14, 1),
(394, 4, 14, 1),
(395, 5, 14, 1),
(396, 6, 14, 1),
(397, 7, 14, 1),
(398, 8, 14, 1),
(399, 9, 14, 1),
(400, 10, 14, 1),
(401, 11, 14, 1),
(402, 12, 14, 1),
(403, 13, 14, 1),
(404, 14, 14, 1),
(405, 15, 14, 1),
(406, 16, 14, 1),
(407, 17, 14, 1),
(408, 18, 14, 1),
(409, 19, 14, 1),
(410, 20, 14, 1),
(411, 21, 14, 1),
(412, 22, 14, 1),
(413, 23, 14, 1),
(414, 24, 14, 1),
(415, 25, 14, 1),
(416, 26, 14, 1),
(417, 27, 14, 1),
(418, 28, 14, 1),
(419, 29, 14, 1),
(420, 30, 14, 1),
(421, 1, 15, 1),
(422, 2, 15, 1),
(423, 3, 15, 1),
(424, 4, 15, 1),
(425, 5, 15, 1),
(426, 6, 15, 1),
(427, 7, 15, 1),
(428, 8, 15, 1),
(429, 9, 15, 1),
(430, 10, 15, 1),
(431, 11, 15, 1),
(432, 12, 15, 1),
(433, 13, 15, 1),
(434, 14, 15, 1),
(435, 15, 15, 1),
(436, 16, 15, 1),
(437, 17, 15, 1),
(438, 18, 15, 1),
(439, 19, 15, 1),
(440, 20, 15, 1),
(441, 21, 15, 1),
(442, 22, 15, 1),
(443, 23, 15, 1),
(444, 24, 15, 1),
(445, 25, 15, 1),
(446, 26, 15, 1),
(447, 27, 15, 1),
(448, 28, 15, 1),
(449, 29, 15, 1),
(450, 30, 15, 1),
(451, 1, 16, 1),
(452, 2, 16, 1),
(453, 3, 16, 1),
(454, 4, 16, 1),
(455, 5, 16, 1),
(456, 6, 16, 1),
(457, 7, 16, 1),
(458, 8, 16, 1),
(459, 9, 16, 1),
(460, 10, 16, 1),
(461, 11, 16, 1),
(462, 12, 16, 1),
(463, 13, 16, 1),
(464, 14, 16, 1),
(465, 15, 16, 1),
(466, 16, 16, 1),
(467, 17, 16, 1),
(468, 18, 16, 1),
(469, 19, 16, 1),
(470, 20, 16, 1),
(471, 21, 16, 1),
(472, 22, 16, 1),
(473, 23, 16, 1),
(474, 24, 16, 1),
(475, 25, 16, 1),
(476, 26, 16, 1),
(477, 27, 16, 1),
(478, 28, 16, 1),
(479, 29, 16, 1),
(480, 30, 16, 1),
(481, 1, 17, 1),
(482, 2, 17, 1),
(483, 3, 17, 1),
(484, 4, 17, 1),
(485, 5, 17, 1),
(486, 6, 17, 1),
(487, 7, 17, 1),
(488, 8, 17, 1),
(489, 9, 17, 1),
(490, 10, 17, 1),
(491, 11, 17, 1),
(492, 12, 17, 1),
(493, 13, 17, 1),
(494, 14, 17, 1),
(495, 15, 17, 1),
(496, 16, 17, 1),
(497, 17, 17, 1),
(498, 18, 17, 1),
(499, 19, 17, 1),
(500, 20, 17, 1),
(501, 21, 17, 1),
(502, 22, 17, 1),
(503, 23, 17, 1),
(504, 24, 17, 1),
(505, 25, 17, 1),
(506, 26, 17, 1),
(507, 27, 17, 1),
(508, 28, 17, 1),
(509, 29, 17, 1),
(510, 30, 17, 1),
(511, 1, 18, 1),
(512, 2, 18, 1),
(513, 3, 18, 1),
(514, 4, 18, 1),
(515, 5, 18, 1),
(516, 6, 18, 1),
(517, 7, 18, 1),
(518, 8, 18, 1),
(519, 9, 18, 1),
(520, 10, 18, 1),
(521, 11, 18, 1),
(522, 12, 18, 1),
(523, 13, 18, 1),
(524, 14, 18, 1),
(525, 15, 18, 1),
(526, 16, 18, 1),
(527, 17, 18, 1),
(528, 18, 18, 1),
(529, 19, 18, 1),
(530, 20, 18, 1),
(531, 21, 18, 1),
(532, 22, 18, 1),
(533, 23, 18, 1),
(534, 24, 18, 1),
(535, 25, 18, 1),
(536, 26, 18, 1),
(537, 27, 18, 1),
(538, 28, 18, 1),
(539, 29, 18, 1),
(540, 30, 18, 1),
(541, 1, 19, 1),
(542, 2, 19, 1),
(543, 3, 19, 1),
(544, 4, 19, 1),
(545, 5, 19, 1),
(546, 6, 19, 1),
(547, 7, 19, 1),
(548, 8, 19, 1),
(549, 9, 19, 1),
(550, 10, 19, 1),
(551, 11, 19, 1),
(552, 12, 19, 1),
(553, 13, 19, 1),
(554, 14, 19, 1),
(555, 15, 19, 1),
(556, 16, 19, 1),
(557, 17, 19, 1),
(558, 18, 19, 1),
(559, 19, 19, 1),
(560, 20, 19, 1),
(561, 21, 19, 1),
(562, 22, 19, 1),
(563, 23, 19, 1),
(564, 24, 19, 1),
(565, 25, 19, 1),
(566, 26, 19, 1),
(567, 27, 19, 1),
(568, 28, 19, 1),
(569, 29, 19, 1),
(570, 30, 19, 1),
(571, 1, 20, 1),
(572, 2, 20, 1),
(573, 3, 20, 1),
(574, 4, 20, 1),
(575, 5, 20, 1),
(576, 6, 20, 1),
(577, 7, 20, 1),
(578, 8, 20, 1),
(579, 9, 20, 1),
(580, 10, 20, 1),
(581, 11, 20, 1),
(582, 12, 20, 1),
(583, 13, 20, 1),
(584, 14, 20, 1),
(585, 15, 20, 1),
(586, 16, 20, 1),
(587, 17, 20, 1),
(588, 18, 20, 1),
(589, 19, 20, 1),
(590, 20, 20, 1),
(591, 21, 20, 1),
(592, 22, 20, 1),
(593, 23, 20, 1),
(594, 24, 20, 1),
(595, 25, 20, 1),
(596, 26, 20, 1),
(597, 27, 20, 1),
(598, 28, 20, 1),
(599, 29, 20, 1),
(600, 30, 20, 1),
(601, 1, 21, 1),
(602, 2, 21, 1),
(603, 3, 21, 1),
(604, 4, 21, 1),
(605, 5, 21, 1),
(606, 6, 21, 1),
(607, 7, 21, 1),
(608, 8, 21, 1),
(609, 9, 21, 1),
(610, 10, 21, 1),
(611, 11, 21, 1),
(612, 12, 21, 1),
(613, 13, 21, 1),
(614, 14, 21, 1),
(615, 15, 21, 1),
(616, 16, 21, 1),
(617, 17, 21, 1),
(618, 18, 21, 1),
(619, 19, 21, 1),
(620, 20, 21, 1),
(621, 21, 21, 1),
(622, 22, 21, 1),
(623, 23, 21, 1),
(624, 24, 21, 1),
(625, 25, 21, 1),
(626, 26, 21, 1),
(627, 27, 21, 1),
(628, 28, 21, 1),
(629, 29, 21, 1),
(630, 30, 21, 1),
(631, 1, 22, 1),
(632, 2, 22, 1),
(633, 3, 22, 1),
(634, 4, 22, 1),
(635, 5, 22, 1),
(636, 6, 22, 1),
(637, 7, 22, 1),
(638, 8, 22, 1),
(639, 9, 22, 1),
(640, 10, 22, 1),
(641, 11, 22, 1),
(642, 12, 22, 1),
(643, 13, 22, 1),
(644, 14, 22, 1),
(645, 15, 22, 1),
(646, 16, 22, 1),
(647, 17, 22, 1),
(648, 18, 22, 1),
(649, 19, 22, 1),
(650, 20, 22, 1),
(651, 21, 22, 1),
(652, 22, 22, 1),
(653, 23, 22, 1),
(654, 24, 22, 1),
(655, 25, 22, 1),
(656, 26, 22, 1),
(657, 27, 22, 1),
(658, 28, 22, 1),
(659, 29, 22, 1),
(660, 30, 22, 1),
(661, 1, 23, 1),
(662, 2, 23, 1),
(663, 3, 23, 1),
(664, 4, 23, 1),
(665, 5, 23, 1),
(666, 6, 23, 1),
(667, 7, 23, 1),
(668, 8, 23, 1),
(669, 9, 23, 1),
(670, 10, 23, 1),
(671, 11, 23, 1),
(672, 12, 23, 1),
(673, 13, 23, 1),
(674, 14, 23, 1),
(675, 15, 23, 1),
(676, 16, 23, 1),
(677, 17, 23, 1),
(678, 18, 23, 1),
(679, 19, 23, 1),
(680, 20, 23, 1),
(681, 21, 23, 1),
(682, 22, 23, 1),
(683, 23, 23, 1),
(684, 24, 23, 1),
(685, 25, 23, 1),
(686, 26, 23, 1),
(687, 27, 23, 1),
(688, 28, 23, 1),
(689, 29, 23, 1),
(690, 30, 23, 1),
(691, 1, 24, 1),
(692, 2, 24, 1),
(693, 3, 24, 1),
(694, 4, 24, 1),
(695, 5, 24, 1),
(696, 6, 24, 1),
(697, 7, 24, 1),
(698, 8, 24, 1),
(699, 9, 24, 1),
(700, 10, 24, 1),
(701, 11, 24, 1),
(702, 12, 24, 1),
(703, 13, 24, 1),
(704, 14, 24, 1),
(705, 15, 24, 1),
(706, 16, 24, 1),
(707, 17, 24, 1),
(708, 18, 24, 1),
(709, 19, 24, 1),
(710, 20, 24, 1),
(711, 21, 24, 1),
(712, 22, 24, 1),
(713, 23, 24, 1),
(714, 24, 24, 1),
(715, 25, 24, 1),
(716, 26, 24, 1),
(717, 27, 24, 1),
(718, 28, 24, 1),
(719, 29, 24, 1),
(720, 30, 24, 1),
(721, 1, 25, 1),
(722, 2, 25, 1),
(723, 3, 25, 1),
(724, 4, 25, 1),
(725, 5, 25, 1),
(726, 6, 25, 1),
(727, 7, 25, 1),
(728, 8, 25, 1),
(729, 9, 25, 1),
(730, 10, 25, 1),
(731, 11, 25, 1),
(732, 12, 25, 1),
(733, 13, 25, 1),
(734, 14, 25, 1),
(735, 15, 25, 1),
(736, 16, 25, 1),
(737, 17, 25, 1),
(738, 18, 25, 1),
(739, 19, 25, 1),
(740, 20, 25, 1),
(741, 21, 25, 1),
(742, 22, 25, 1),
(743, 23, 25, 1),
(744, 24, 25, 1),
(745, 25, 25, 1),
(746, 26, 25, 1),
(747, 27, 25, 1),
(748, 28, 25, 1),
(749, 29, 25, 1),
(750, 30, 25, 1),
(751, 1, 26, 1),
(752, 2, 26, 1),
(753, 3, 26, 1),
(754, 4, 26, 1),
(755, 5, 26, 1),
(756, 6, 26, 1),
(757, 7, 26, 1),
(758, 8, 26, 1),
(759, 9, 26, 1),
(760, 10, 26, 1),
(761, 11, 26, 1),
(762, 12, 26, 1),
(763, 13, 26, 1),
(764, 14, 26, 1),
(765, 15, 26, 1),
(766, 16, 26, 1),
(767, 17, 26, 1),
(768, 18, 26, 1),
(769, 19, 26, 1),
(770, 20, 26, 1),
(771, 21, 26, 1),
(772, 22, 26, 1),
(773, 23, 26, 1),
(774, 24, 26, 1),
(775, 25, 26, 1),
(776, 26, 26, 1),
(777, 27, 26, 1),
(778, 28, 26, 1),
(779, 29, 26, 1),
(780, 30, 26, 1),
(781, 1, 27, 1),
(782, 2, 27, 1),
(783, 3, 27, 1),
(784, 4, 27, 1),
(785, 5, 27, 1),
(786, 6, 27, 1),
(787, 7, 27, 1),
(788, 8, 27, 1),
(789, 9, 27, 1),
(790, 10, 27, 1),
(791, 11, 27, 1),
(792, 12, 27, 1),
(793, 13, 27, 1),
(794, 14, 27, 1),
(795, 15, 27, 1),
(796, 16, 27, 1),
(797, 17, 27, 1),
(798, 18, 27, 1),
(799, 19, 27, 1),
(800, 20, 27, 1),
(801, 21, 27, 1),
(802, 22, 27, 1),
(803, 23, 27, 1),
(804, 24, 27, 1),
(805, 25, 27, 1),
(806, 26, 27, 1),
(807, 27, 27, 1),
(808, 28, 27, 1),
(809, 29, 27, 1),
(810, 30, 27, 1),
(811, 1, 28, 1),
(812, 2, 28, 1),
(813, 3, 28, 1),
(814, 4, 28, 1),
(815, 5, 28, 1),
(816, 6, 28, 1),
(817, 7, 28, 1),
(818, 8, 28, 1),
(819, 9, 28, 1),
(820, 10, 28, 1),
(821, 11, 28, 1),
(822, 12, 28, 1),
(823, 13, 28, 1),
(824, 14, 28, 1),
(825, 15, 28, 1),
(826, 16, 28, 1),
(827, 17, 28, 1),
(828, 18, 28, 1),
(829, 19, 28, 1),
(830, 20, 28, 1),
(831, 21, 28, 1),
(832, 22, 28, 1),
(833, 23, 28, 1),
(834, 24, 28, 1),
(835, 25, 28, 1),
(836, 26, 28, 1),
(837, 27, 28, 1),
(838, 28, 28, 1),
(839, 29, 28, 1),
(840, 30, 28, 1),
(841, 1, 29, 1),
(842, 2, 29, 1),
(843, 3, 29, 1),
(844, 4, 29, 1),
(845, 5, 29, 1),
(846, 6, 29, 1),
(847, 7, 29, 1),
(848, 8, 29, 1),
(849, 9, 29, 1),
(850, 10, 29, 1),
(851, 11, 29, 1),
(852, 12, 29, 1),
(853, 13, 29, 1),
(854, 14, 29, 1),
(855, 15, 29, 1),
(856, 16, 29, 1),
(857, 17, 29, 1),
(858, 18, 29, 1),
(859, 19, 29, 1),
(860, 20, 29, 1),
(861, 21, 29, 1),
(862, 22, 29, 1),
(863, 23, 29, 1),
(864, 24, 29, 1),
(865, 25, 29, 1),
(866, 26, 29, 1),
(867, 27, 29, 1),
(868, 28, 29, 1),
(869, 29, 29, 1),
(870, 30, 29, 1),
(901, 1, 31, 1),
(902, 2, 31, 1),
(903, 3, 31, 1),
(904, 4, 31, 1),
(905, 5, 31, 1),
(906, 6, 31, 1),
(907, 7, 31, 1),
(908, 8, 31, 1),
(909, 9, 31, 1),
(910, 10, 31, 1),
(911, 11, 31, 1),
(912, 12, 31, 1),
(913, 13, 31, 1),
(914, 14, 31, 1),
(915, 15, 31, 1),
(916, 16, 31, 1),
(917, 17, 31, 1),
(918, 18, 31, 1),
(919, 19, 31, 1),
(920, 20, 31, 1),
(921, 21, 31, 1),
(922, 22, 31, 1),
(923, 23, 31, 1),
(924, 24, 31, 1),
(925, 25, 31, 1),
(926, 26, 31, 1),
(927, 27, 31, 1),
(928, 28, 31, 1),
(929, 29, 31, 1),
(930, 30, 31, 1),
(931, 1, 32, 1),
(932, 2, 32, 1),
(933, 3, 32, 1),
(934, 4, 32, 1),
(935, 5, 32, 1),
(936, 6, 32, 1),
(937, 7, 32, 1),
(938, 8, 32, 1),
(939, 9, 32, 1),
(940, 10, 32, 1),
(941, 11, 32, 1),
(942, 12, 32, 1),
(943, 13, 32, 1),
(944, 14, 32, 1),
(945, 15, 32, 1),
(946, 16, 32, 1),
(947, 17, 32, 1),
(948, 18, 32, 1),
(949, 19, 32, 1),
(950, 20, 32, 1),
(951, 21, 32, 1),
(952, 22, 32, 1),
(953, 23, 32, 1),
(954, 24, 32, 1),
(955, 25, 32, 1),
(956, 26, 32, 1),
(957, 27, 32, 1),
(958, 28, 32, 1),
(959, 29, 32, 1),
(960, 30, 32, 1),
(961, 1, 33, 1),
(962, 2, 33, 1),
(963, 3, 33, 1),
(964, 4, 33, 1),
(965, 5, 33, 1),
(966, 6, 33, 1),
(967, 7, 33, 1),
(968, 8, 33, 1),
(969, 9, 33, 1),
(970, 10, 33, 1),
(971, 11, 33, 1),
(972, 12, 33, 1),
(973, 13, 33, 1),
(974, 14, 33, 1),
(975, 15, 33, 1),
(976, 16, 33, 1),
(977, 17, 33, 1),
(978, 18, 33, 1),
(979, 19, 33, 1),
(980, 20, 33, 1),
(981, 21, 33, 1),
(982, 22, 33, 1),
(983, 23, 33, 1),
(984, 24, 33, 1),
(985, 25, 33, 1),
(986, 26, 33, 1),
(987, 27, 33, 1),
(988, 28, 33, 1),
(989, 29, 33, 1),
(990, 30, 33, 1),
(991, 1, 34, 1),
(992, 2, 34, 1),
(993, 3, 34, 1),
(994, 4, 34, 1),
(995, 5, 34, 1),
(996, 6, 34, 1),
(997, 7, 34, 1),
(998, 8, 34, 1),
(999, 9, 34, 1),
(1000, 10, 34, 1),
(1001, 11, 34, 1),
(1002, 12, 34, 1),
(1003, 13, 34, 1),
(1004, 14, 34, 1),
(1005, 15, 34, 1),
(1006, 16, 34, 1),
(1007, 17, 34, 1),
(1008, 18, 34, 1),
(1009, 19, 34, 1),
(1010, 20, 34, 1),
(1011, 21, 34, 1),
(1012, 22, 34, 1),
(1013, 23, 34, 1),
(1014, 24, 34, 1),
(1015, 25, 34, 1),
(1016, 26, 34, 1),
(1017, 27, 34, 1),
(1018, 28, 34, 1),
(1019, 29, 34, 1),
(1020, 30, 34, 1),
(1021, 1, 35, 1),
(1022, 2, 35, 1),
(1023, 3, 35, 1),
(1024, 4, 35, 1),
(1025, 5, 35, 1),
(1026, 6, 35, 1),
(1027, 7, 35, 1),
(1028, 8, 35, 1),
(1029, 9, 35, 1),
(1030, 10, 35, 1),
(1031, 11, 35, 1),
(1032, 12, 35, 1),
(1033, 13, 35, 1),
(1034, 14, 35, 1),
(1035, 15, 35, 1),
(1036, 16, 35, 1),
(1037, 17, 35, 1),
(1038, 18, 35, 1),
(1039, 19, 35, 1),
(1040, 20, 35, 1),
(1041, 21, 35, 1),
(1042, 22, 35, 1),
(1043, 23, 35, 1),
(1044, 24, 35, 1),
(1045, 25, 35, 1),
(1046, 26, 35, 1),
(1047, 27, 35, 1),
(1048, 28, 35, 1),
(1049, 29, 35, 1),
(1050, 30, 35, 1),
(1051, 1, 36, 1),
(1052, 2, 36, 1),
(1053, 3, 36, 1),
(1054, 4, 36, 1),
(1055, 5, 36, 1),
(1056, 6, 36, 1),
(1057, 7, 36, 1),
(1058, 8, 36, 1),
(1059, 9, 36, 1),
(1060, 10, 36, 1),
(1061, 11, 36, 1),
(1062, 12, 36, 1),
(1063, 13, 36, 1),
(1064, 14, 36, 1),
(1065, 15, 36, 1),
(1066, 16, 36, 1),
(1067, 17, 36, 1),
(1068, 18, 36, 1),
(1069, 19, 36, 1),
(1070, 20, 36, 1),
(1071, 21, 36, 1),
(1072, 22, 36, 1),
(1073, 23, 36, 1),
(1074, 24, 36, 1),
(1075, 25, 36, 1),
(1076, 26, 36, 1),
(1077, 27, 36, 1),
(1078, 28, 36, 1),
(1079, 29, 36, 1),
(1080, 30, 36, 1),
(1081, 1, 37, 1),
(1082, 2, 37, 1),
(1083, 3, 37, 1),
(1084, 4, 37, 1),
(1085, 5, 37, 1),
(1086, 6, 37, 1),
(1087, 7, 37, 1),
(1088, 8, 37, 1),
(1089, 9, 37, 1),
(1090, 10, 37, 1),
(1091, 11, 37, 1),
(1092, 12, 37, 1),
(1093, 13, 37, 1),
(1094, 14, 37, 1),
(1095, 15, 37, 1),
(1096, 16, 37, 1),
(1097, 17, 37, 1),
(1098, 18, 37, 1),
(1099, 19, 37, 1),
(1100, 20, 37, 1),
(1101, 21, 37, 1),
(1102, 22, 37, 1),
(1103, 23, 37, 1),
(1104, 24, 37, 1),
(1105, 25, 37, 1),
(1106, 26, 37, 1),
(1107, 27, 37, 1),
(1108, 28, 37, 1),
(1109, 29, 37, 1),
(1110, 30, 37, 1),
(1111, 1, 38, 1),
(1112, 2, 38, 1),
(1113, 3, 38, 1),
(1114, 4, 38, 1),
(1115, 5, 38, 1),
(1116, 6, 38, 1),
(1117, 7, 38, 1),
(1118, 8, 38, 1),
(1119, 9, 38, 1),
(1120, 10, 38, 1),
(1121, 11, 38, 1),
(1122, 12, 38, 1),
(1123, 13, 38, 1),
(1124, 14, 38, 1),
(1125, 15, 38, 1),
(1126, 16, 38, 1),
(1127, 17, 38, 1),
(1128, 18, 38, 1),
(1129, 19, 38, 1),
(1130, 20, 38, 1),
(1131, 21, 38, 1),
(1132, 22, 38, 1),
(1133, 23, 38, 1),
(1134, 24, 38, 1),
(1135, 25, 38, 1),
(1136, 26, 38, 1),
(1137, 27, 38, 1),
(1138, 28, 38, 1),
(1139, 29, 38, 1),
(1140, 30, 38, 1),
(1141, 1, 39, 1),
(1142, 2, 39, 1),
(1143, 3, 39, 1),
(1144, 4, 39, 1),
(1145, 5, 39, 1),
(1146, 6, 39, 1),
(1147, 7, 39, 1),
(1148, 8, 39, 1),
(1149, 9, 39, 1),
(1150, 10, 39, 1),
(1151, 11, 39, 1),
(1152, 12, 39, 1),
(1153, 13, 39, 1),
(1154, 14, 39, 1),
(1155, 15, 39, 1),
(1156, 16, 39, 1),
(1157, 17, 39, 1),
(1158, 18, 39, 1),
(1159, 19, 39, 1),
(1160, 20, 39, 1),
(1161, 21, 39, 1),
(1162, 22, 39, 1),
(1163, 23, 39, 1),
(1164, 24, 39, 1),
(1165, 25, 39, 1),
(1166, 26, 39, 1),
(1167, 27, 39, 1),
(1168, 28, 39, 1),
(1169, 29, 39, 1),
(1170, 30, 39, 1),
(1171, 1, 40, 1),
(1172, 2, 40, 1),
(1173, 3, 40, 1),
(1174, 4, 40, 1),
(1175, 5, 40, 1),
(1176, 6, 40, 1),
(1177, 7, 40, 1),
(1178, 8, 40, 1),
(1179, 9, 40, 1),
(1180, 10, 40, 1),
(1181, 11, 40, 1),
(1182, 12, 40, 1),
(1183, 13, 40, 1),
(1184, 14, 40, 1),
(1185, 15, 40, 1),
(1186, 16, 40, 1),
(1187, 17, 40, 1),
(1188, 18, 40, 1),
(1189, 19, 40, 1),
(1190, 20, 40, 1),
(1191, 21, 40, 1),
(1192, 22, 40, 1),
(1193, 23, 40, 1),
(1194, 24, 40, 1),
(1195, 25, 40, 1),
(1196, 26, 40, 1),
(1197, 27, 40, 1),
(1198, 28, 40, 1),
(1199, 29, 40, 1),
(1200, 30, 40, 1),
(1201, 1, 41, 1),
(1202, 2, 41, 1),
(1203, 3, 41, 1),
(1204, 4, 41, 1),
(1205, 5, 41, 1),
(1206, 6, 41, 1),
(1207, 7, 41, 1),
(1208, 8, 41, 1),
(1209, 9, 41, 1),
(1210, 10, 41, 1),
(1211, 11, 41, 1),
(1212, 12, 41, 1),
(1213, 13, 41, 1),
(1214, 14, 41, 1),
(1215, 15, 41, 1),
(1216, 16, 41, 1),
(1217, 17, 41, 1),
(1218, 18, 41, 1),
(1219, 19, 41, 1),
(1220, 20, 41, 1),
(1221, 21, 41, 1),
(1222, 22, 41, 1),
(1223, 23, 41, 1),
(1224, 24, 41, 1),
(1225, 25, 41, 1),
(1226, 26, 41, 1),
(1227, 27, 41, 1),
(1228, 28, 41, 1),
(1229, 29, 41, 1),
(1230, 30, 41, 1),
(1231, 1, 42, 1),
(1232, 2, 42, 1),
(1233, 3, 42, 1),
(1234, 4, 42, 1),
(1235, 5, 42, 1),
(1236, 6, 42, 1),
(1237, 7, 42, 1),
(1238, 8, 42, 1),
(1239, 9, 42, 1),
(1240, 10, 42, 1),
(1241, 11, 42, 1),
(1242, 12, 42, 1),
(1243, 13, 42, 1),
(1244, 14, 42, 1),
(1245, 15, 42, 1),
(1246, 16, 42, 1),
(1247, 17, 42, 1),
(1248, 18, 42, 1),
(1249, 19, 42, 1),
(1250, 20, 42, 1),
(1251, 21, 42, 1),
(1252, 22, 42, 1),
(1253, 23, 42, 1),
(1254, 24, 42, 1),
(1255, 25, 42, 1),
(1256, 26, 42, 1),
(1257, 27, 42, 1),
(1258, 28, 42, 1),
(1259, 29, 42, 1),
(1260, 30, 42, 1),
(1261, 1, 43, 1),
(1262, 2, 43, 1),
(1263, 3, 43, 1),
(1264, 4, 43, 1),
(1265, 5, 43, 1),
(1266, 6, 43, 1),
(1267, 7, 43, 1),
(1268, 8, 43, 1),
(1269, 9, 43, 1),
(1270, 10, 43, 1),
(1271, 11, 43, 1),
(1272, 12, 43, 1),
(1273, 13, 43, 1),
(1274, 14, 43, 1),
(1275, 15, 43, 1),
(1276, 16, 43, 1),
(1277, 17, 43, 1),
(1278, 18, 43, 1),
(1279, 19, 43, 1),
(1280, 20, 43, 1),
(1281, 21, 43, 1),
(1282, 22, 43, 1),
(1283, 23, 43, 1),
(1284, 24, 43, 1),
(1285, 25, 43, 1),
(1286, 26, 43, 1),
(1287, 27, 43, 1),
(1288, 28, 43, 1),
(1289, 29, 43, 1),
(1290, 30, 43, 1),
(1291, 1, 44, 1),
(1292, 2, 44, 1),
(1293, 3, 44, 1),
(1294, 4, 44, 1),
(1295, 5, 44, 1),
(1296, 6, 44, 1),
(1297, 7, 44, 1),
(1298, 8, 44, 1),
(1299, 9, 44, 1),
(1300, 10, 44, 1),
(1301, 11, 44, 1),
(1302, 12, 44, 1),
(1303, 13, 44, 1),
(1304, 14, 44, 1),
(1305, 15, 44, 1),
(1306, 16, 44, 1),
(1307, 17, 44, 1),
(1308, 18, 44, 1),
(1309, 19, 44, 1),
(1310, 20, 44, 1),
(1311, 21, 44, 1),
(1312, 22, 44, 1),
(1313, 23, 44, 1),
(1314, 24, 44, 1),
(1315, 25, 44, 1),
(1316, 26, 44, 1),
(1317, 27, 44, 1),
(1318, 28, 44, 1),
(1319, 29, 44, 1),
(1320, 30, 44, 1);

-- --------------------------------------------------------

--
-- Cấu trúc bảng cho bảng `order`
--

CREATE TABLE `order` (
  `id` int(11) NOT NULL,
  `user_id` int(11) NOT NULL,
  `status` tinyint(4) NOT NULL,
  `delivery_address` varchar(255) NOT NULL,
  `ship_fee` int(11) NOT NULL,
  `total_fee` int(11) NOT NULL,
  `created_at` timestamp NOT NULL DEFAULT current_timestamp()
) ENGINE=InnoDB DEFAULT CHARSET=utf8mb4;

--
-- Đang đổ dữ liệu cho bảng `order`
--

INSERT INTO `order` (`id`, `user_id`, `status`, `delivery_address`, `ship_fee`, `total_fee`, `created_at`) VALUES
(1, 1, 1, '', 10, 30, '2020-01-01 15:26:26'),
(5, 1, 1, '', 10, 30, '2020-01-01 15:43:19'),
(6, 9, 1, '', 10, 30, '2020-01-09 03:42:17'),
(7, 9, 1, 'Đường vành đai 3, Hanoi', 0, 20, '2020-01-10 16:12:09'),
(10, 9, 1, 'Đại Từ, Hanoi', 0, 20, '2020-01-10 16:14:42');

-- --------------------------------------------------------

--
-- Cấu trúc bảng cho bảng `order_item`
--

CREATE TABLE `order_item` (
  `id` int(11) NOT NULL,
  `order_id` int(11) NOT NULL,
  `ice_cream_item_id` int(11) NOT NULL,
  `quantity` int(11) NOT NULL
) ENGINE=InnoDB DEFAULT CHARSET=utf8mb4;

--
-- Đang đổ dữ liệu cho bảng `order_item`
--

INSERT INTO `order_item` (`id`, `order_id`, `ice_cream_item_id`, `quantity`) VALUES
(1, 1, 1, 3),
(2, 1, 2, 2),
(9, 5, 1, 2),
(10, 5, 2, 2),
(11, 5, 3, 2),
(12, 6, 1, 2),
(13, 6, 2, 2),
(14, 6, 3, 2),
(15, 7, 1, 2),
(16, 7, 2, 2),
(17, 7, 3, 2);

-- --------------------------------------------------------

--
-- Cấu trúc bảng cho bảng `rating`
--

CREATE TABLE `rating` (
  `id` int(11) NOT NULL,
  `rating_star` float NOT NULL,
  `comment` text NOT NULL,
  `item_id` int(11) NOT NULL,
  `user_id` int(11) NOT NULL,
  `created_at` timestamp NOT NULL DEFAULT current_timestamp()
) ENGINE=InnoDB DEFAULT CHARSET=utf8mb4;

--
-- Đang đổ dữ liệu cho bảng `rating`
--

INSERT INTO `rating` (`id`, `rating_star`, `comment`, `item_id`, `user_id`, `created_at`) VALUES
(1, 5, 'Kem rất ngon! Dịch vụ tốt', 1, 1, '2020-01-07 03:20:04'),
(2, 4, 'Kem ngon, Giao hàng hơi lâu', 1, 2, '2020-01-07 03:36:28'),
(3, 4, 'Kem rất ngon', 2, 9, '2020-01-07 11:07:30'),
(4, 4, 'Kem rất ngon', 3, 9, '2020-01-07 11:09:03'),
(5, 4, 'Kem rất ngon', 3, 9, '2020-01-07 11:09:48'),
(6, 4, 'Kem rất ngon', 3, 9, '2020-01-07 11:10:22'),
(7, 4, 'Kem rất ngon aa', 3, 9, '2020-01-07 11:10:35'),
(8, 4, 'Kem rất ngon aa', 3, 9, '2020-01-07 11:11:15'),
(9, 4, 'Kem rất ngon abc', 3, 9, '2020-01-07 11:11:22'),
(10, 4, 'Kem rất ngon abc', 3, 9, '2020-01-07 11:11:32');

-- --------------------------------------------------------

--
-- Cấu trúc bảng cho bảng `store`
--

CREATE TABLE `store` (
  `id` int(11) NOT NULL,
  `name` varchar(255) NOT NULL,
  `image_path` varchar(100) NOT NULL,
  `address` varchar(255) NOT NULL,
  `latitude` decimal(20,10) NOT NULL,
  `longitude` decimal(20,10) NOT NULL,
  `created_at` timestamp NOT NULL DEFAULT current_timestamp()
) ENGINE=InnoDB DEFAULT CHARSET=utf8mb4;

--
-- Đang đổ dữ liệu cho bảng `store`
--

INSERT INTO `store` (`id`, `name`, `image_path`, `address`, `latitude`, `longitude`, `created_at`) VALUES
(1, 'VinMart+', 'http://35.198.221.214:8080/resources/store_images/1.png', 'Nhà No9 KĐT, Pháp Vân, Hoàng Ma,Hà Nội', '20.9588310000', '105.8467490000', '2019-12-27 12:24:21'),
(2, 'Vinmart+', 'http://35.198.221.214:8080/resources/store_images/2.png', 'Ô 13, khu, Ngõ 2 - Hoàng Liệt, Hoàng Liệt, Hoàng Mai, Hà Nội', '20.9666340000', '105.8376770000', '2019-12-27 12:27:10'),
(3, 'Vinmart+', 'http://35.198.221.214:8080/resources/store_images/3.png', 'Ô số 13A, lô Ơ2, bán đảo, Khu đô thị Linh Đàm, Hoàng Mai, Hà Nội', '20.9676220000', '105.8333100000', '2019-12-27 12:30:30'),
(4, 'Vinmart+', 'http://35.198.221.214:8080/resources/store_images/4.png', 'Nguyễn Duy Trinh, Khu đô thị Linh Đàm, Hoàng Mai, Hà Nội', '20.9641100000', '105.8318960000', '2019-12-27 12:32:13'),
(5, 'Vinmart+', 'http://35.198.221.214:8080/resources/store_images/5.png', 'Toàn Nhà Hud 3, Linh Đàm, Hoàng Liệt, Thanh Xuân, Hà Nội', '20.9645230000', '105.8250960000', '2019-12-27 12:36:55'),
(6, 'Vinmart+', 'http://35.198.221.214:8080/resources/store_images/6.png', 'Số 10, ngõ 15 phố Bằng Liệt, Tây Nam Linh Đàm, Hoàng Mai, Hà Nội', '20.9646810000', '105.8208780000', '2019-12-27 12:45:49'),
(7, 'Vinmart+', 'http://35.198.221.214:8080/resources/store_images/7.png', '182 Đại Từ, Đại Kim, Hoàng Mai, Hà Nội', '20.9713430000', '105.8335200000', '2019-12-27 12:46:38'),
(8, 'Vinmart+', 'http://35.198.221.214:8080/resources/store_images/8.png', '18 Cầu Dậu, huyện Thanh Trì, Thanh Trì, Thanh Trì Hà Nội', '20.9693050000', '105.8236250000', '2019-12-27 12:47:45'),
(9, 'Vinmart+', 'http://35.198.221.214:8080/resources/store_images/9.png', '532 Đ. Kim Giang, Thanh Liệt, Thanh Trì, Hà Nội', '20.9691560000', '105.8234840000', '2019-12-27 12:48:32'),
(10, 'Vinmart+', 'http://35.198.221.214:8080/resources/store_images/10.png', 'Số 19 ngõ 42 phố, Thịnh Liệt, Hoàng Mai, Hà Nội', '20.9739070000', '105.8457300000', '2019-12-27 12:49:53'),
(11, 'Vinmart+', 'http://35.198.221.214:8080/resources/store_images/11.png', 'chung cư, Tầng 1, đường Vũ Tông Phan, Đại Kim, Hoàng Mai, Hà Nội', '20.9755850000', '105.8255910000', '2019-12-27 12:51:02'),
(12, 'Vinmart+', 'http://35.198.221.214:8080/resources/store_images/12.png', '100 Ngõ 168 Đường Kim Giang, Đại Kim, Thanh Xuân, Hà Nội', '20.9793400000', '105.8156630000', '2019-12-27 12:52:53'),
(13, 'Vinmart+', 'http://35.198.221.214:8080/resources/store_images/13.png', 'Số 142 - Kim Giang - Hoàng Mai - Hà Nội, Kim Giang - Ngõ 142 Ngõ 168 Đường Kim Giang, Đại Kim, Hoàng Mai, Hà Nội', '20.9809850000', '105.8178850000', '2019-12-27 12:54:01'),
(14, 'Vinmart+', 'http://35.198.221.214:8080/resources/store_images/14.png', '639 Vũ Tông Phan, Khương Đình, Thanh Xuân, Hà Nội', '20.9828780000', '105.8165920000', '2019-12-27 12:54:49'),
(15, 'Vinmart+', 'http://35.198.221.214:8080/resources/store_images/15.png', 'Ngõ 245 Định Công, Định Công, Thanh Xuân, Hà Nội', '20.9811160000', '105.8334550000', '2019-12-27 12:55:51'),
(16, 'Vinmart+', 'http://35.198.221.214:8080/resources/store_images/1.png', '261, Tân Mai, Quận Hoàng Mai, Thành Phố Hà Nội, Tân Mai, Hoàng Mai, Hà Nội', '20.9838990000', '105.8508880000', '2019-12-27 12:58:19'),
(17, 'Vinmart+', 'http://35.198.221.214:8080/resources/store_images/2.png', '589 Trương Định, Giáp Bát, Hai Bà Trưng, Hà Nội', '20.9814760000', '105.8454340000', '2019-12-27 13:00:09'),
(18, 'Vinmart+', 'http://35.198.221.214:8080/resources/store_images/3.png', '1 Kim Đồng, Giáp Bát, Hoàng Mai, Hà Nội', '20.9835140000', '105.8437820000', '2019-12-27 13:01:25'),
(19, 'Vinmart+', 'http://35.198.221.214:8080/resources/store_images/4.png', 'Tòa nhà Tiến Phú, Hoàng Văn Thụ, Hoàng Mai, Hà Nội', '20.9837550000', '105.8665080000', '2019-12-27 13:02:24'),
(20, 'Vinmart+', 'http://35.198.221.214:8080/resources/store_images/5.png', '59 Đền Lừ 2, Hoàng Văn Thụ, Hoàng Mai, Hà Nội', '20.9860900000', '105.8578210000', '2019-12-27 13:03:31'),
(21, 'Vinmart+', 'http://35.198.221.214:8080/resources/store_images/6.png', '55A Ngõ 1 Mai Động, Mai Động, Hoàng Mai, Hà Nội', '20.9917770000', '105.8625340000', '2019-12-27 13:05:07'),
(22, 'Vinmart+', 'http://35.198.221.214:8080/resources/store_images/7.png', '33 Lương Khánh Thiện, Tương Mai, Hoàng Mai, Hà Nội', '20.9862590000', '105.8510130000', '2019-12-27 13:06:08'),
(23, 'Vinmart+', 'http://35.198.221.214:8080/resources/store_images/8.png', '62 Nguyễn Đức Cảnh, Tân Mai, Hoàng Mai, Hà Nội', '20.9873080000', '105.8498940000', '2019-12-27 13:07:07'),
(24, 'Vinmart+', 'http://35.198.221.214:8080/resources/store_images/9.png', 'Toà nhà A1, Nguyễn Đức Cảnh, Ngõ 151 Hanoi Hà Nội, ngõ 151 Nguyễn Đức Cảnh, Tương Mai, Hoàng Mai, Hà Nội', '20.9880790000', '105.8517070000', '2019-12-27 13:08:11'),
(25, 'Vinmart+', 'http://35.198.221.214:8080/resources/store_images/10.png', '110 Ngõ 553Giải Phóng, Đường Giáp Bát, Giáp Bát, Hai Bà Trưng, Hà Nội', '20.9901100000', '105.8426610000', '2019-12-27 13:09:35'),
(26, 'Vinmart+', 'http://35.198.221.214:8080/resources/store_images/11.png', '164 Trương Định, Hoàng Mai, Hà Nội', '20.9917000000', '105.8489610000', '2019-12-27 13:10:45'),
(27, 'Vinmart+', 'http://35.198.221.214:8080/resources/store_images/12.png', '194 Phố Minh Khai, Minh Khai, Hai Bà Trưng, Hà Nội', '20.9952770000', '105.8542700000', '2019-12-27 13:11:47'),
(28, 'Vinmart+', 'http://35.198.221.214:8080/resources/store_images/13.png', '91 Vĩnh Hưng, Hoàng Mai, Hà Nội', '20.9859350000', '105.8759850000', '2019-12-27 13:14:02'),
(29, 'Vinmart+', 'http://35.198.221.214:8080/resources/store_images/14.png', '283 Vĩnh Hưng, Hoàng Mai, Hà Nội', '20.9911000000', '105.8789580000', '2019-12-27 13:14:58'),
(31, 'Vinmart+', 'http://35.198.221.214:8080/resources/store_images/15.png', 'Tầng 1 toà Park 6, Khu đô thị Times City, Hai Bà Trưng, Hà Nội', '20.9913360000', '105.8685800000', '2019-12-27 13:18:15'),
(32, 'Vinmart+', 'http://35.198.221.214:8080/resources/store_images/1.png', ' Park 1 Times City, 12, Ngõ 454 Minh Khai, Mai Động, Hai Bà Trưng, Hà Nội', '20.9931760000', '105.8678730000', '2019-12-27 13:19:02'),
(33, 'Vinmart+', 'http://35.198.221.214:8080/resources/store_images/2.png', 'T10, Khu đô thị Times City, Hai Bà Trưng, Hà Nội', '20.9942020000', '105.8685080000', '2019-12-27 13:19:44'),
(34, 'Vinmart+', 'http://35.198.221.214:8080/resources/store_images/3.png', 'L1-03, 458 Phố Minh Khai, Khu đô thị Times City, Hai Bà Trưng, Hà Nội', '20.9961150000', '105.8694090000', '2019-12-27 13:20:29'),
(35, 'Cửa Hàng Tiện Ích VinMart', 'http://35.198.221.214:8080/resources/store_images/4.png', ' 79 phố Dương Văn Bé, Vĩnh Phú, Hai Bà Trưng, Hà Nội', '20.9992190000', '105.8730850000', '2019-12-27 13:21:44'),
(36, 'Cửa Hàng Vinmart+', 'http://35.198.221.214:8080/resources/store_images/5.png', '31 Mạc Thị Bưởi, Vĩnh Tuy, Hai Bà Trưng, Hà Nội', '21.0007330000', '105.8691160000', '2019-12-27 13:22:39'),
(37, 'Cửa Hàng Vinmart+', 'http://35.198.221.214:8080/resources/store_images/6.png', ' số 49B Ngõ 651 - Phố Minh Khai, Thanh Lương, Hai Bà Trưng, Hà Nội', '21.0034800000', '105.8682740000', '2019-12-27 13:23:34'),
(38, 'Cửa Hàng Vinmart+', 'http://35.198.221.214:8080/resources/store_images/7.png', 'Ngõ 230 Lạc Trung, Thanh Lương, Hai Bà Trưng, Hà Nội', '21.0033190000', '105.8667530000', '2019-12-27 13:24:25'),
(39, 'Vinmart+', 'http://35.198.221.214:8080/resources/store_images/8.png', '183 Hồng Mai, Quỳnh Lôi, Hai Bà Trưng, Hà Nội', '20.9989710000', '105.8555200000', '2019-12-27 13:26:49'),
(40, 'Vinmart+', 'http://35.198.221.214:8080/resources/store_images/9.png', '69 Hồng Mai, Trương Định, Hai Bà Trưng, Hà Nội', '21.0010090000', '105.8506770000', '2019-12-27 13:27:53'),
(41, 'Vinmart+', 'http://35.198.221.214:8080/resources/store_images/19.png', '47, 52 ngõ 187 Hồng Mai, Bạch Mai, Hai Bà Trưng, Hà Nội', '21.0004740000', '105.8556570000', '2019-12-27 13:28:51'),
(42, 'Vinmart+', 'http://35.198.221.214:8080/resources/store_images/11.png', '409 Bạch Mai, Hai Bà Trưng, Hà Nội', '21.0013190000', '105.8506990000', '2019-12-27 13:29:48'),
(43, 'Vinmart+', 'http://35.198.221.214:8080/resources/store_images/12.png', '244 Lê Thanh Nghị, Đồng Tâm, Hai Bà Trưng, Hà Nội', '21.0019800000', '105.8424290000', '2019-12-27 13:30:33'),
(44, 'Vinmart+', 'http://35.198.221.214:8080/resources/store_images/13.png', '171 Giải Phóng, Phương Mai, Đống Đa, Hà Nội', '21.0014600000', '105.8413090000', '2019-12-27 13:31:14');

-- --------------------------------------------------------

--
-- Cấu trúc bảng cho bảng `user`
--

CREATE TABLE `user` (
  `id` int(11) NOT NULL,
  `full_name` varchar(50) DEFAULT NULL,
  `phone_number` varchar(20) NOT NULL,
  `password` varchar(100) NOT NULL,
  `token` text NOT NULL,
  `address` varchar(255) DEFAULT NULL,
  `vinid_point` int(11) NOT NULL,
  `created_at` timestamp NOT NULL DEFAULT current_timestamp()
) ENGINE=InnoDB DEFAULT CHARSET=utf8mb4;

--
-- Đang đổ dữ liệu cho bảng `user`
--

INSERT INTO `user` (`id`, `full_name`, `phone_number`, `password`, `token`, `address`, `vinid_point`, `created_at`) VALUES
(1, 'Nguyễn Huy Quang', '0964016863', '$2y$12$o9Pm2VZoy7phhujrYUBhM.WqzRLxiCHDSN/3BIC.03XH3EgyTNiEu', '', '1295 Giải Phóng, Hoàng Mai, Hà Nội', 920, '2019-12-26 04:33:10'),
(2, 'Nguyễn Hoàng Hiệp', '0976485826', '$2y$12$/YcMhvv2CO6tV4YwSeFfCul8hnjc85RiSJ2zlKlUHAoP6tTnW1Jqa', '', '36 Trần Đại Nghĩa, Hai Bà Trưng, Hà Nội', 0, '2019-12-27 03:57:03'),
(5, '', '0964016864', '$2a$04$wtmSIKnXMRMJHNUZWCgak.3BRPIDyEe4Wn6kCaOP1MjqLMRb9bcQG', '', '', 0, '2020-01-02 10:20:41'),
(6, '', '0964016865', '$2a$04$tv/gwVWpKAssCmyVvQ0XseMxlap4f56nImnGMfJ8QUMQjsQp8kdlq', '', '', 0, '2020-01-02 16:11:54'),
(7, '', '0964016868', '$2a$04$/LVONtAAqUw4EEZSiC8Ss.FcLxTASby2s.xKBiqOXP5Tc5Zc1Nofq', '', '', 0, '2020-01-04 03:53:02'),
(8, '', '0964016869', '$2a$04$B5J4AsyFvz93nUdXyvL1vOtUIDeFRVWF.9B396.II8s98T0krBPvC', '', '', 0, '2020-01-04 03:53:59'),
(9, 'Nguyễn Thanh Hùng', '0964016870', '$2a$04$.wGkVGzsVZIwfdW5mEPxu.uq8ibokCbRiZlldsjJGFXslNTZnPgqa', '', '11 Giáp Bát, Hoàng Mai, Hà Nội', 20, '2020-01-04 03:57:41'),
(10, '', '0964016871', '$2a$04$kvWdKeax3SspMjIW6Y/VEeSz5aLhMFrvC9E3mgRT8y4dr5r3Va.Vm', '', '', 300, '2020-01-08 04:43:09'),
(11, '', '0964016872', '$2a$04$hfYCWz4dCMdYf7tpy5eTA.yHDuG49MBZhgC/eDLtKkC/Xr4U8Too2', '', '', 0, '2020-01-08 15:35:31'),
(12, '', '0964016873', '$2a$04$aUGoYMHowtTOxeXIZbShzuw.GrUtUiaqrtlTMCuoRHO4Sj0Cr18hu', '', '', 0, '2020-01-09 02:07:52');

--
-- Chỉ mục cho các bảng đã đổ
--

--
-- Chỉ mục cho bảng `ice_cream_item`
--
ALTER TABLE `ice_cream_item`
  ADD PRIMARY KEY (`id`);
ALTER TABLE `ice_cream_item` ADD FULLTEXT KEY `index_name` (`name`,`type`);

--
-- Chỉ mục cho bảng `item_image`
--
ALTER TABLE `item_image`
  ADD PRIMARY KEY (`id`),
  ADD KEY `fk_image_item` (`ice_cream_item_id`);

--
-- Chỉ mục cho bảng `item_store`
--
ALTER TABLE `item_store`
  ADD PRIMARY KEY (`id`),
  ADD KEY `fk_item_store` (`ice_cream_item_id`),
  ADD KEY `fk_store_item` (`store_id`);

--
-- Chỉ mục cho bảng `order`
--
ALTER TABLE `order`
  ADD PRIMARY KEY (`id`),
  ADD KEY `fk_user_order` (`user_id`);

--
-- Chỉ mục cho bảng `order_item`
--
ALTER TABLE `order_item`
  ADD PRIMARY KEY (`id`),
  ADD KEY `fk_order_order_item` (`order_id`),
  ADD KEY `fk_item_order_item` (`ice_cream_item_id`);

--
-- Chỉ mục cho bảng `rating`
--
ALTER TABLE `rating`
  ADD PRIMARY KEY (`id`),
  ADD KEY `fk_item_rating` (`item_id`),
  ADD KEY `fk_user_rating` (`user_id`);

--
-- Chỉ mục cho bảng `store`
--
ALTER TABLE `store`
  ADD PRIMARY KEY (`id`);
ALTER TABLE `store` ADD FULLTEXT KEY `index_address` (`address`);

--
-- Chỉ mục cho bảng `user`
--
ALTER TABLE `user`
  ADD PRIMARY KEY (`id`),
  ADD UNIQUE KEY `phone_number_unique` (`phone_number`);

--
-- AUTO_INCREMENT cho các bảng đã đổ
--

--
-- AUTO_INCREMENT cho bảng `ice_cream_item`
--
ALTER TABLE `ice_cream_item`
  MODIFY `id` int(11) NOT NULL AUTO_INCREMENT, AUTO_INCREMENT=31;

--
-- AUTO_INCREMENT cho bảng `item_image`
--
ALTER TABLE `item_image`
  MODIFY `id` int(11) NOT NULL AUTO_INCREMENT, AUTO_INCREMENT=97;

--
-- AUTO_INCREMENT cho bảng `item_store`
--
ALTER TABLE `item_store`
  MODIFY `id` int(11) NOT NULL AUTO_INCREMENT, AUTO_INCREMENT=1321;

--
-- AUTO_INCREMENT cho bảng `order`
--
ALTER TABLE `order`
  MODIFY `id` int(11) NOT NULL AUTO_INCREMENT, AUTO_INCREMENT=18;

--
-- AUTO_INCREMENT cho bảng `order_item`
--
ALTER TABLE `order_item`
  MODIFY `id` int(11) NOT NULL AUTO_INCREMENT, AUTO_INCREMENT=39;

--
-- AUTO_INCREMENT cho bảng `rating`
--
ALTER TABLE `rating`
  MODIFY `id` int(11) NOT NULL AUTO_INCREMENT, AUTO_INCREMENT=11;

--
-- AUTO_INCREMENT cho bảng `store`
--
ALTER TABLE `store`
  MODIFY `id` int(11) NOT NULL AUTO_INCREMENT, AUTO_INCREMENT=45;

--
-- AUTO_INCREMENT cho bảng `user`
--
ALTER TABLE `user`
  MODIFY `id` int(11) NOT NULL AUTO_INCREMENT, AUTO_INCREMENT=13;

--
-- Các ràng buộc cho các bảng đã đổ
--

--
-- Các ràng buộc cho bảng `item_image`
--
ALTER TABLE `item_image`
  ADD CONSTRAINT `fk_image_item` FOREIGN KEY (`ice_cream_item_id`) REFERENCES `ice_cream_item` (`id`) ON DELETE CASCADE ON UPDATE CASCADE;

--
-- Các ràng buộc cho bảng `item_store`
--
ALTER TABLE `item_store`
  ADD CONSTRAINT `fk_item_store` FOREIGN KEY (`ice_cream_item_id`) REFERENCES `ice_cream_item` (`id`) ON DELETE CASCADE ON UPDATE CASCADE,
  ADD CONSTRAINT `fk_store_item` FOREIGN KEY (`store_id`) REFERENCES `store` (`id`) ON DELETE CASCADE ON UPDATE CASCADE;

--
-- Các ràng buộc cho bảng `order`
--
ALTER TABLE `order`
  ADD CONSTRAINT `fk_user_order` FOREIGN KEY (`user_id`) REFERENCES `user` (`id`) ON DELETE CASCADE ON UPDATE CASCADE;

--
-- Các ràng buộc cho bảng `order_item`
--
ALTER TABLE `order_item`
  ADD CONSTRAINT `fk_item_order_item` FOREIGN KEY (`ice_cream_item_id`) REFERENCES `ice_cream_item` (`id`) ON DELETE CASCADE ON UPDATE CASCADE,
  ADD CONSTRAINT `fk_order_order_item` FOREIGN KEY (`order_id`) REFERENCES `order` (`id`) ON DELETE CASCADE ON UPDATE CASCADE;

--
-- Các ràng buộc cho bảng `rating`
--
ALTER TABLE `rating`
  ADD CONSTRAINT `fk_item_rating` FOREIGN KEY (`item_id`) REFERENCES `ice_cream_item` (`id`) ON DELETE CASCADE ON UPDATE CASCADE,
  ADD CONSTRAINT `fk_user_rating` FOREIGN KEY (`user_id`) REFERENCES `user` (`id`) ON DELETE CASCADE ON UPDATE CASCADE;
COMMIT;

/*!40101 SET CHARACTER_SET_CLIENT=@OLD_CHARACTER_SET_CLIENT */;
/*!40101 SET CHARACTER_SET_RESULTS=@OLD_CHARACTER_SET_RESULTS */;
/*!40101 SET COLLATION_CONNECTION=@OLD_COLLATION_CONNECTION */;
